title,published
Leaked draft opinion suggests Supreme Court may overturn Roe v. Wade - CBS News,"Tue, 03 May 2022 23:32:00 GMT"
Here are the key House primaries to watch in Ohio and Indiana - CNN,"Tue, 03 May 2022 22:54:00 GMT"
"Colorado River Reservoirs Are So Low, Government Will Delay Releases - The New York Times","Tue, 03 May 2022 19:07:33 GMT"
Cops: Body in barrel in Lake Mead was man who had been shot - The Associated Press - en Español,"Tue, 03 May 2022 23:02:27 GMT"
"If Roe is overturned, Mississippi abortion clinic director may move to New Mexico - NBC News","Tue, 03 May 2022 17:52:51 GMT"
Oklahoma GOP governor signs abortion bill modeled after Texas law that allows civil enforcement - CNN,"Tue, 03 May 2022 22:42:00 GMT"
Election 2022: Voters to decide Ohio's heated Senate primary - The Associated Press,"Tue, 03 May 2022 23:01:34 GMT"
"Escaped murder suspect Casey White and missing corrections official Vicky White had a ""special relationship,"" Alabama sheriff says - CBS News","Tue, 03 May 2022 23:10:00 GMT"
"Coyote attack leaves 2-year-old in critical condition in Northeast Dallas, officials say - WFAA.com","Tue, 03 May 2022 16:28:00 GMT"
UN: Civilians from Mariupol plant reach Ukrainian-held city - The Associated Press - en Español,"Tue, 03 May 2022 13:18:45 GMT"
"Al-Shabaab gunmen attack major AU military base, Somali commander says - CNN","Tue, 03 May 2022 16:34:00 GMT"
"Europe Moves to Sanction Russia Again, Closing In on Oil Embargo - The Wall Street Journal","Tue, 03 May 2022 22:54:00 GMT"
Heat wave sends temperatures to 120F in South Asia - NPR,"Tue, 03 May 2022 12:34:44 GMT"
Russia risks alienating Israel by doubling down on bizarre neo-Nazi propaganda - Business Insider,"Tue, 03 May 2022 19:35:30 GMT"
Stock futures inch higher ahead of Fed's big rate decision - CNBC,"Tue, 03 May 2022 22:07:06 GMT"
Starbucks will raise wages again — but not for unionized workers - CNN,"Tue, 03 May 2022 23:00:00 GMT"
"Amazon announces benefit to pay for US employees who travel for abortions, other treatments - USA TODAY","Tue, 03 May 2022 15:59:26 GMT"
Elon Musk Plans to Take Twitter Public a Few Years After Buyout - The Wall Street Journal,"Tue, 03 May 2022 20:40:00 GMT"
"Razer's Blade 15 is the first laptop with a 240Hz OLED display, but you'll have to wait a while - The Verge","Tue, 03 May 2022 17:39:07 GMT"
Kindle e-readers finally (kind of) support ePub books - Ars Technica,"Tue, 03 May 2022 15:25:44 GMT"
"Marshall debuts the Willen, its first ultra-compact Bluetooth speaker - Engadget","Tue, 03 May 2022 14:01:34 GMT"
Microsoft Edge Overtakes Safari as World's Second Most Popular Desktop Browser - MacRumors,"Tue, 03 May 2022 11:45:30 GMT"
21 Met Gala Tweets That Are Just As Bonkers As The Outfits - BuzzFeed,"Tue, 03 May 2022 22:23:04 GMT"
Phoebe Bridgers reveals she had an abortion while on tour last year - Page Six,"Tue, 03 May 2022 21:28:00 GMT"
Depp libel suit moves ahead against Heard after resting case - The Associated Press,"Tue, 03 May 2022 21:33:45 GMT"
"Kailia Posey Dies: Onetime ‘Toddlers & Tiaras’ Pageant Competitor, Actress Was 16 - Deadline","Tue, 03 May 2022 18:34:00 GMT"
"Villarreal vs. Liverpool - Football Match Report - May 3, 2022 - ESPN","Tue, 03 May 2022 21:37:45 GMT"
"Ranking every team's 2022 NFL Draft class: Panthers, Cardinals, Eagles crush it; Bucs, Bills raise questions - CBS Sports","Tue, 03 May 2022 20:30:13 GMT"
Titans' Ryan Tannehill Says He Doesn't Think It's His 'Job' to Mentor Malik Willis - Bleacher Report,"Tue, 03 May 2022 19:09:35 GMT"
Celtics' Marcus Smart out Game 2 vs. Bucks with right thigh contusion - NBA.com,"Tue, 03 May 2022 22:04:09 GMT"
"Rocket Lab will try helicopter catch again, but it may take months - CNN","Tue, 03 May 2022 19:05:00 GMT"
A total lunar eclipse will turn the moon red the night of May 15 - Space.com,"Tue, 03 May 2022 17:10:07 GMT"
'Death shadow' dinosaur unearthed in Argentina - FRANCE 24 English,"Tue, 03 May 2022 19:50:21 GMT"
Where is the best place to watch the Eta Aquariids meteor shower - CNN,"Tue, 03 May 2022 07:56:00 GMT"
"Newer, fitter descendants of Omicron variant begin to drive their own coronavirus waves - CNN","Tue, 03 May 2022 21:26:00 GMT"
'There's a lot of Covid out there': UCSF's Dr. Bob Wachter is putting his mask back on - SF Gate,"Tue, 03 May 2022 14:30:02 GMT"
Growing number of U.S. states reporting mysterious hepatitis outbreaks among children - Fox News,"Tue, 03 May 2022 18:47:08 GMT"
"Deadly skin cancer can appear anywhere on the body, even where the sun doesn't shine - WTOP","Mon, 02 May 2022 05:31:52 GMT"
